{"cameraMode":{"drawMode":0,"name":"Shaded","section":"Shading Mode"},"sceneLighting":false,"audioPlay":false,"sceneViewState":{"m_AlwaysRefresh":false,"showFog":true,"showSkybox":false,"showFlares":true,"showImageEffects":true,"showParticleSystems":true,"showVisualEffectGraphs":true,"m_FxEnabled":true},"in2DMode":false,"pivot":{"x":13.321479797363282,"y":0.06852990388870239,"z":-1.527581810951233},"rotation":{"x":0.0702911838889122,"y":0.06518877297639847,"z":-0.00460306741297245,"w":0.9953839778900147},"size":9.991886138916016,"orthographic":true}