{"cameraMode":{"drawMode":0,"name":"Shaded","section":"Shading Mode"},"sceneLighting":true,"audioPlay":false,"sceneViewState":{"m_AlwaysRefresh":false,"showFog":true,"showSkybox":true,"showFlares":true,"showImageEffects":true,"showParticleSystems":true,"showVisualEffectGraphs":true,"m_FxEnabled":true},"in2DMode":false,"pivot":{"x":-6.723347187042236,"y":3.2965455055236818,"z":5.035818099975586},"rotation":{"x":0.05397357419133186,"y":-0.0035970881581306459,"z":0.00019360466103535146,"w":0.9985374808311462},"size":30.133148193359376,"orthographic":true}