{"cameraMode":{"drawMode":0,"name":"Shaded","section":"Shading Mode"},"sceneLighting":false,"audioPlay":false,"sceneViewState":{"m_AlwaysRefresh":false,"showFog":true,"showSkybox":false,"showFlares":true,"showImageEffects":true,"showParticleSystems":true,"showVisualEffectGraphs":true,"m_FxEnabled":true},"in2DMode":false,"pivot":{"x":-5.645862579345703,"y":23.387020111083986,"z":0.2644011378288269},"rotation":{"x":0.0702911838889122,"y":0.06518877297639847,"z":-0.00460306741297245,"w":0.9953839778900147},"size":2.5817642211914064,"orthographic":true}