{"cameraMode":{"drawMode":0,"name":"Shaded","section":"Shading Mode"},"sceneLighting":false,"audioPlay":false,"sceneViewState":{"m_AlwaysRefresh":false,"showFog":true,"showSkybox":false,"showFlares":true,"showImageEffects":true,"showParticleSystems":true,"showVisualEffectGraphs":true,"m_FxEnabled":true},"in2DMode":false,"pivot":{"x":0.3384303152561188,"y":0.8919007778167725,"z":14.915425300598145},"rotation":{"x":0.10180111974477768,"y":-0.02088935673236847,"z":0.0021378989331424238,"w":0.9945862293243408},"size":1.2601264715194703,"orthographic":false}